key_length,distinct,distinct_perc,min,max,avg,median,stddev_samp
8bit,256,0.0,-128,127,-0.5020142265625,-1.0,73.61601068138206
16bit,65536,0.0005,-32768,32767,0.440708,0.0,18917.456080784454
32bit,126111262,0.9852,-2147483636,2147483639,-77599.93602352343,-74594.0,1239874750.700678
64bit,127999999,1.0,-9223371714469615616,9223371708419930112,-608054066133884.2,-707843865930752.0,5.325125625247976e+18
128bit,127999998,1.0,-1.7014118207633017e+38,1.7014118228401913e+38,1.765109924070809e+32,-5.977722981110749e+32,9.824007656204851e+37
